Bus_Id,Bus_Name,Company_ID
vu-linh-limousine_768,Vũ Linh limousine,768
ba-chau_13078,Ba Châu,13078
van-lang_11826,Văn Lang,11826
tri-nhan_12911,Trí Nhân,12911
tuan-hiep_11899,Tuấn Hiệp,11899
thien-thanh-limousine_21843,Thiện Thành Limousine,21843
hao_12797,Hảo,12797
tri-nhan-limousine_12911,Trí Nhân Limousine,12911
ha-my_12507,Hà My,12507
toan-khai_46289,Toàn Khải,46289
giap-diep_12772,Giáp Diệp,12772
tu-tien_13184,Tư Tiến,13184
manh-hung_11188,Mạnh Hùng,11188
ngoc-diem_40437,Ngọc Diễm,40437
tan-nien_12462,Tân Niên,12462
duy-thao-kien-giang_44740,Duy Thảo (Kiên Giang),44740
dung-le_12944,Dũng Lệ,12944
hai-luan_36137,Hải Luân,36137
lien-hung_808,Liên Hưng,808
hung-cuong-an-giang_529,Hùng Cường - An Giang,529
phuoc-thanh-thanh-tuan_11121,Phước Thành - Thanh Tuấn,11121
hiep-thanh_11715,Hiệp Thành,11715
thien-thien-huong_12483,Thiên Thiên Hương,12483
hue-nghia_11102,Huệ Nghĩa,11102
mai-quyen_12558,Mai Quyên,12558
anh-chinh_49740,Anh Chính,49740
quang-hanh-nt_46177,Quang Hạnh (NT),46177
quang-huy_13087,Quang Huy,13087
yen-thong_24213,Yến Thông,24213
le-hai_12889,Lê Hải,12889
mai-thao_11875,Mai Thảo,11875
an-hoa-hiep_11720,An Hoà Hiệp,11720
huu-hau_75,Hữu Hậu,75
thao-chau_510,Thảo Châu,510
duy-quy_20454,Duy Quý,20454
minh-tam_11877,Minh Tâm,11877
kim-anh-ben-tre_27244,Kim Anh (Bến Tre),27244
bao-quynh_25337,Bảo Quỳnh,25337
ngoc-anh-sai-gon_13043,Ngọc Ánh (Sài Gòn),13043
tuan-nga-kien-giang_128,Tuấn Nga (Kiên Giang),128
kumho-samco_11194,Kumho Samco,11194
hien-van_12867,Hiền Vân,12867
hoang-minh_11700,Hoàng Minh,11700
bon-luyen-express_37280,Bốn Luyện Express,37280
hoang-vu_16452,Hoàng Vũ,16452
duc-thien_12776,Đức Thiên,12776
my-duyen_11212,Mỹ Duyên,11212
ut-van_19335,Út Vân,19335
tan-thanh-thuy_10891,Tân Thanh Thuỷ,10891
kim-hoang_1041,Kim Hoàng,1041
tan-phuoc-tai_32656,Tân Phước Tài,32656
buu-chau_30886,Bửu Châu,30886
nguyen-vu_12896,Nguyên Vũ,12896
thien-bao_34941,Thiên Bảo,34941
quoc-hoang_11852,Quốc Hoàng,11852
phuong-anh-phan-thiet_41516,Phương Anh (Phan Thiết),41516
phu-vinh-long_34617,Phú Vĩnh Long,34617
tuan-hung_12473,Tuấn Hưng,12473
anh-tuan-bac-lieu_12895,Anh Tuấn (Bạc Liêu),12895
my-loan-ca-mau_30191,Mỹ Loan (Cà Mau),30191
tien-dat-ben-tre_48934,Tiến Đạt (Bến Tre),48934
ba-hai_23552,Bá Hải,23552
dong-tien-ben-tre_12739,Đồng Tiến - Bến Tre,12739
